{
  "type": "FeatureCollection",
  "features": [
    {
      "type": "Feature",
      "properties": {
        "name": "WNC Total"
      },
      "geometry": {
        "coordinates": [
          [
            [
              -104.01928605826049,
              48.998638461186545
            ],
            [
              -104.0171797895211,
              41.08231052128971
            ],
            [
              -102.05885969225025,
              41.023541686189226
            ],
            [
              -102.01648211309647,
              40.063949557810574
            ],
            [
              -95.52170979094714,
              39.99857359392474
            ],
            [
              -94.57768019967543,
              39.028792417467244
            ],
            [
              -94.51095815879906,
              36.531744868028085
            ],
            [
              -90.135677883303,
              36.519223239810295
            ],
            [
              -90.01964489835493,
              36.31978323150739
            ],
            [
              -90.34179035765565,
              36.01567100963159
            ],
            [
              -89.67154594351064,
              35.970998790720884
            ],
            [
              -89.29291702354853,
              36.85315679733535
            ],
            [
              -91.73191368719012,
              41.20584869662741
            ],
            [
              -91.29982751017234,
              40.368439881907605
            ],
            [
              -90.21077882995453,
              42.0396068365894
            ],
            [
              -93.05973641871095,
              45.9740830007305
            ],
            [
              -92.7086263365195,
              46.02360302004145
            ],
            [
              -91.16918920182849,
              47.65918652272981
            ],
            [
              -91.78930348174407,
              46.98830555047508
            ],
            [
              -88.41189829663979,
              48.3567049610284
            ],
            [
              -89.11210789135757,
              48.789845936549796
            ],
            [
              -104.01928605826049,
              48.998638461186545
            ]
          ]
        ],
        "type": "Polygon"
      }
    },
    {
      "type": "Feature",
      "properties": {
        "name": "ESC Total"
      },
      "geometry": {
        "coordinates": [
          [
            [
              -89.34087765748022,
              36.64727094083136
            ],
            [
              -90.88889625197248,
              34.09289251030457
            ],
            [
              -91.16379619707774,
              33.66650052706113
            ],
            [
              -91.15963470293036,
              32.97348816419198
            ],
            [
              -90.9653812519095,
              32.341221408617415
            ],
            [
              -91.59472124957537,
              31.275648728094893
            ],
            [
              -91.59072516799435,
              31.04569299825009
            ],
            [
              -89.71035518187783,
              31.003597015053263
            ],
            [
              -89.85776664204874,
              30.630118996314174
            ],
            [
              -89.56616636938858,
              30.18033845393733
            ],
            [
              -89.24904623290897,
              30.21832837902145
            ],
            [
              -87.31623344549554,
              30.12739984391648
            ],
            [
              -87.00085304122888,
              30.473973374425725
            ],
            [
              -87.78117491599913,
              30.979156610956025
            ],
            [
              -85.09900855580315,
              31.08966006742351
            ],
            [
              -85.64949886520067,
              34.99197573249197
            ],
            [
              -84.48094388861995,
              35.087530663123644
            ],
            [
              -83.12195630875848,
              35.82373132277932
            ],
            [
              -81.80985762476558,
              36.592953100382545
            ],
            [
              -81.9425780328735,
              36.63643321907986
            ],
            [
              -83.5985860565272,
              36.60401565373165
            ],
            [
              -82.09774788085781,
              37.52602490751301
            ],
            [
              -82.0972214990559,
              37.58399055340047
            ],
            [
              -82.66465926348984,
              38.36798124589299
            ],
            [
              -83.89245354905451,
              38.850915162425096
            ],
            [
              -84.06283051913148,
              38.82744280212671
            ],
            [
              -84.65395028544691,
              39.141783591910674
            ],
            [
              -84.8164267807113,
              38.748807920406946
            ],
            [
              -86.0562211512981,
              38.02273683392028
            ],
            [
              -89.23625279277509,
              36.966138158268244
            ],
            [
              -89.34087765748022,
              36.64727094083136
            ]
          ]
        ],
        "type": "Polygon"
      }
    },
    {
      "type": "Feature",
      "properties": {
        "name": "NE Total"
      },
      "geometry": {
        "coordinates": [
          [
            [
              -69.15143869973679,
              47.44793530633186
            ],
            [
              -71.17399288711289,
              45.37992184888154
            ],
            [
              -73.33098409259638,
              45.00015227671477
            ],
            [
              -73.62211150300318,
              40.928815476453764
            ],
            [
              -69.81230143305858,
              41.149584860614
            ],
            [
              -69.91033787604113,
              43.018704545581336
            ],
            [
              -69.46112476210588,
              43.56060039524293
            ],
            [
              -66.75123540280465,
              44.801477807367746
            ],
            [
              -67.59581681012016,
              45.795028976959856
            ],
            [
              -68.0366063179391,
              47.30120979042755
            ],
            [
              -69.15143869973679,
              47.44793530633186
            ]
          ]
        ],
        "type": "Polygon"
      }
    },
    {
      "type": "Feature",
      "properties": {
        "name": "MA Total"
      },
      "geometry": {
        "coordinates": [
          [
            [
              -80.5818425500546,
              42.2696506365821
            ],
            [
              -80.49081134761019,
              39.74045000456064
            ],
            [
              -75.8823332519603,
              39.722133115658636
            ],
            [
              -75.41981590446679,
              39.32104657734715
            ],
            [
              -74.68335911141384,
              39.037095143515245
            ],
            [
              -73.82658550305658,
              40.049113566674336
            ],
            [
              -73.6445488146405,
              40.93640303281825
            ],
            [
              -73.33657915190662,
              45.06474395672575
            ],
            [
              -74.91014769720863,
              45.020128827920274
            ],
            [
              -76.85233279374631,
              43.65045702495618
            ],
            [
              -79.087136345411,
              43.53316331907803
            ],
            [
              -80.5818425500546,
              42.2696506365821
            ]
          ]
        ],
        "type": "Polygon"
      }
    },
    {
      "type": "Feature",
      "properties": {
        "name": "ENC Total"
      },
      "geometry": {
        "coordinates": [
          [
            [
              -89.52503905396958,
              47.98881748449253
            ],
            [
              -92.13768126837134,
              46.69656944552976
            ],
            [
              -92.89940739653233,
              45.71350478427743
            ],
            [
              -90.42851690775433,
              42.540426654120566
            ],
            [
              -90.10295067801081,
              42.042667374986976
            ],
            [
              -91.4160079196638,
              40.08821861859412
            ],
            [
              -89.39952073923708,
              36.98256134475878
            ],
            [
              -86.00700469592329,
              38.04509956998036
            ],
            [
              -84.7711947272631,
              38.82724713932342
            ],
            [
              -84.68195955286433,
              39.15840715204435
            ],
            [
              -82.69230352030893,
              38.431745492951244
            ],
            [
              -80.45264013717623,
              39.676551226864404
            ],
            [
              -80.67075455673705,
              42.21288127183858
            ],
            [
              -82.40659512457972,
              45.40013584490047
            ],
            [
              -83.37907153548811,
              46.06204506328652
            ],
            [
              -88.29223673467675,
              48.2987058627034
            ],
            [
              -89.52503905396958,
              47.98881748449253
            ]
          ]
        ],
        "type": "Polygon"
      }
    },
    {
      "type": "Feature",
      "properties": {
        "name": "SA Total"
      },
      "geometry": {
        "coordinates": [
          [
            [
              -85.6034555240588,
              34.98016690447338
            ],
            [
              -85.0023190891939,
              31.03767507870011
            ],
            [
              -87.71924526805599,
              30.946786711997717
            ],
            [
              -84.44036259224286,
              29.106319394783284
            ],
            [
              -82.78802498564177,
              26.171870059171113
            ],
            [
              -79.97167284702667,
              24.381176089516018
            ],
            [
              -79.65462062032465,
              27.781449315680597
            ],
            [
              -80.60016407380861,
              31.671928913050213
            ],
            [
              -75.88684960165716,
              34.99293792825306
            ],
            [
              -74.4368769310934,
              38.96474786987477
            ],
            [
              -75.24318490192158,
              39.19635490067399
            ],
            [
              -75.94733571018674,
              39.628168118545844
            ],
            [
              -76.6968260743512,
              39.76164892155347
            ],
            [
              -80.61209964281093,
              39.742492471523235
            ],
            [
              -82.66039640296378,
              38.31061718797518
            ],
            [
              -82.06254561489018,
              37.52958779934747
            ],
            [
              -83.57073668444734,
              36.60522086687937
            ],
            [
              -81.70875457782559,
              36.636567045520025
            ],
            [
              -84.47982457686099,
              35.046058296605636
            ],
            [
              -85.6034555240588,
              34.98016690447338
            ]
          ]
        ],
        "type": "Polygon"
      }
    },
    {
      "type": "Feature",
      "properties": {
        "name": "WSC Total"
      },
      "geometry": {
        "coordinates": [
          [
            [
              -103.00556235663902,
              36.97904001468008
            ],
            [
              -103.02838650309121,
              32.025244746671966
            ],
            [
              -106.2476922569931,
              32.086581966656354
            ],
            [
              -106.61245953514282,
              31.843657103782988
            ],
            [
              -105.03425967893492,
              30.645380403519805
            ],
            [
              -104.42357910562347,
              29.46520963124938
            ],
            [
              -103.1916890622773,
              29.053528723148183
            ],
            [
              -102.6199479150186,
              29.744358422556505
            ],
            [
              -101.38617720010319,
              29.791827059349025
            ],
            [
              -99.5967895828093,
              27.64341044863524
            ],
            [
              -99.04287034777708,
              26.431738119098696
            ],
            [
              -97.35045360804725,
              25.76716875896942
            ],
            [
              -96.92234332901322,
              27.544852620412268
            ],
            [
              -94.19454156777924,
              29.69987896182443
            ],
            [
              -89.41979191510916,
              29.064769211338305
            ],
            [
              -89.33276073180517,
              29.636066855735436
            ],
            [
              -90.03528437024494,
              30.915119339360995
            ],
            [
              -91.78319618435584,
              31.035831756410765
            ],
            [
              -91.02755689048942,
              32.37408583779228
            ],
            [
              -91.22772914512122,
              33.27420949971381
            ],
            [
              -91.05300799286448,
              34.23540640572709
            ],
            [
              -90.91454031305774,
              34.15217818815931
            ],
            [
              -89.8149159048144,
              35.94168415744706
            ],
            [
              -90.39192316230157,
              36.003891834910945
            ],
            [
              -90.09771838204966,
              36.28061016417309
            ],
            [
              -90.16310304840039,
              36.45194652021662
            ],
            [
              -94.61173726852144,
              36.530612795139305
            ],
            [
              -94.68567975785533,
              36.988573513562486
            ],
            [
              -103.00556235663902,
              36.97904001468008
            ]
          ]
        ],
        "type": "Polygon"
      }
    },
    {
      "type": "Feature",
      "properties": {
        "name": "MT Total"
      },
      "geometry": {
        "coordinates": [
          [
            [
              -116.99995915758734,
              49.02036756050512
            ],
            [
              -116.97417024487467,
              46.190362864516565
            ],
            [
              -116.53789947794439,
              45.506015522450056
            ],
            [
              -117.09984509297726,
              44.446706533170946
            ],
            [
              -117.02259204911462,
              42.01934791836014
            ],
            [
              -120.0553090286524,
              41.938873379587875
            ],
            [
              -119.97644841551673,
              39.0594043868479
            ],
            [
              -114.27106988578822,
              34.486877157552954
            ],
            [
              -114.61516893897914,
              33.4031366927822
            ],
            [
              -114.59259870147326,
              32.37971774617202
            ],
            [
              -111.05004404353411,
              31.284319959410688
            ],
            [
              -108.28840926364418,
              31.297670613337214
            ],
            [
              -108.21346424048083,
              31.718595725822908
            ],
            [
              -106.81332624883689,
              31.748170627640654
            ],
            [
              -106.33899522084607,
              32.13522498620367
            ],
            [
              -103.13950258617211,
              32.05899674180755
            ],
            [
              -103.06073611102389,
              37.04208055712991
            ],
            [
              -94.61995571092694,
              37.05389870176235
            ],
            [
              -94.59983797582909,
              39.05290845392733
            ],
            [
              -95.53704497992916,
              39.94154235518995
            ],
            [
              -98.92550994229765,
              39.98675116464426
            ],
            [
              -102.01063156809067,
              40.00783520350092
            ],
            [
              -102.03343051925738,
              39.49618337640913
            ],
            [
              -102.19545447623736,
              40.94573716253143
            ],
            [
              -104.01724491847312,
              41.07583078681086
            ],
            [
              -104.16425478805304,
              48.974618509045484
            ],
            [
              -116.99995915758734,
              49.02036756050512
            ]
          ]
        ],
        "type": "Polygon"
      }
    },
    {
      "type": "Feature",
      "properties": {"name": "PC Total"},
      "geometry": {
        "coordinates": [
          [
            [
              -124.60780349260997,
              48.51985870793308
            ],
            [
              -124.00585307118317,
              46.12558606200193
            ],
            [
              -124.44834223075813,
              43.174084494038595
            ],
            [
              -124.28404112775208,
              40.41947706927132
            ],
            [
              -123.85057556762696,
              38.73166179821753
            ],
            [
              -120.57817319151752,
              34.389379596571125
            ],
            [
              -117.26743512560604,
              32.41635029567527
            ],
            [
              -116.01897371432324,
              32.59898215208593
            ],
            [
              -114.57953753046813,
              32.59018956146089
            ],
            [
              -114.3380869123101,
              34.47878301681035
            ],
            [
              -120.16959609489098,
              39.187968114130854
            ],
            [
              -120.06701559018252,
              40.593494913427456
            ],
            [
              -120.17735315942431,
              41.99040927717577
            ],
            [
              -117.17597393663392,
              42.129084231730666
            ],
            [
              -117.17480772426433,
              44.5288781680449
            ],
            [
              -116.6234246054784,
              45.52014042776881
            ],
            [
              -117.10484223999889,
              46.45663837885367
            ],
            [
              -117.04744524024547,
              49.03728604452604
            ],
            [
              -123.07963272028707,
              49.02509017325977
            ],
            [
              -123.33885169847598,
              48.33772767200591
            ],
            [
              -124.60780349260997,
              48.51985870793308
            ]
          ]
        ],
        "type": "Polygon"
      }
    }
  ]
}